day,distance(m)
2021-06-18,333.0
2021-06-19,8400.0
2021-06-20,4000.0
2021-06-21,4900.0
2021-06-22,640.0
2021-06-23,3300.0
2021-06-24,7000.0
2021-06-25,4300.0
2021-06-26,5900.0
2021-06-27,4400.0
2021-06-28,1800.0
2021-06-29,4400.0
2021-06-30,6800.0
2021-07-01,6100.0
2021-07-02,6600.0
2021-07-03,11200.0
2021-07-04,6500.0
2021-07-05,3300.0
2021-07-06,1500.0
2021-07-07,2500.0
2021-07-08,4500.0
2021-07-09,6200.0
2021-07-10,6600.0
2021-07-11,4300.0
2021-07-12,7600.0
2021-07-13,3700.0
2021-07-14,3600.0
2021-07-15,2800.0
2021-07-16,7500.0
2021-07-17,6400.0
2021-07-18,6500.0
2021-07-19,7300.0
2021-07-20,3000.0
2021-07-21,9500.0
2021-07-22,6300.0
2021-07-23,2300.0
2021-07-24,4500.0
2021-07-25,4000.0
2021-07-26,6700.0
2021-07-27,4500.0
2021-07-28,6200.0
2021-07-29,3500.0
2021-07-30,6400.0
2021-07-31,3000.0
2021-08-01,3600.0
2021-08-02,6600.0
2021-08-03,7300.0
2021-08-04,1500.0
2021-08-05,4700.0
2021-08-06,4000.0
2021-08-07,7200.0
2021-08-08,3000.0
2021-08-09,5300.0
2021-08-10,3200.0
2021-08-11,2600.0
2021-08-12,5200.0
2021-08-13,2000.0
2021-08-14,6400.0
2021-08-15,3100.0
2021-08-16,5300.0
2021-08-17,5100.0
2021-08-18,4300.0
2021-08-19,4900.0
2021-08-20,6400.0
2021-08-21,2600.0
2021-08-22,4000.0
2021-08-23,3000.0
2021-08-24,4600.0
2021-08-25,2300.0
2021-08-26,7500.0
2021-08-27,5700.0
2021-08-28,4000.0
2021-08-29,3900.0
2021-08-30,4400.0
2021-08-31,4200.0
2021-09-01,2700.0
2021-09-02,1800.0
2021-09-03,2100.0
2021-09-04,5100.0
2021-09-05,6400.0
2021-09-06,3600.0
2021-09-07,1000.0
2021-09-08,3500.0
2021-09-09,2500.0
2021-09-10,2800.0
2021-09-11,3300.0
2021-09-12,3100.0
2021-09-13,596.0
2021-09-14,1900.0
2021-09-15,2600.0
2021-09-16,2600.0
2021-09-17,4500.0
2021-09-18,7100.0
2021-09-19,2300.0
2021-09-20,4600.0
2021-09-21,1500.0
2021-09-22,3900.0
2021-09-23,1900.0
2021-09-24,5000.0
2021-09-25,7300.0
2021-09-26,1800.0
2021-09-27,3100.0
2021-09-28,771.0
2021-09-29,2100.0
2021-09-30,7400.0
2021-10-01,2700.0
2021-10-02,937.0
2021-10-03,140.0
2021-10-04,4100.0
2021-10-05,146.0
2021-10-06,3400.0
2021-10-07,4400.0
2021-10-08,1400.0
2021-10-09,1000.0
2021-10-10,2700.0
2021-10-11,2300.0
2021-10-12,5300.0
2021-10-13,4500.0
2021-10-14,3800.0
2021-10-15,4200.0
2021-10-16,5300.0
2021-10-17,6200.0
2021-10-18,2500.0
2021-10-19,2800.0
2021-10-20,4100.0
2021-10-21,2200.0
2021-10-22,1200.0
2021-10-23,2700.0
2021-10-24,4100.0
2021-10-25,3000.0
2021-10-26,1300.0
2021-10-27,2400.0
2021-10-28,3800.0
2021-10-29,1800.0
2021-10-30,4400.0
2021-10-31,2300.0
2021-11-01,908.0
2021-11-02,1600.0
2021-11-03,4800.0
2021-11-04,4200.0
2021-11-05,2300.0
2021-11-06,2500.0
2021-11-07,724.0
2021-11-08,2700.0
2021-11-09,3000.0
2021-11-10,3100.0
2021-11-11,46.0
2021-11-12,1500.0
2021-11-13,78.0
2021-11-14,135.0
2021-11-15,5500.0
2021-11-16,1400.0
2021-11-17,5000.0
2021-11-18,2100.0
2021-11-19,1800.0
2021-11-20,1000.0
2021-11-21,1000.0
2021-11-22,1300.0
2021-11-23,846.0
2021-11-24,3800.0
2021-11-25,3800.0
2021-11-26,971.0
2021-11-27,3600.0
2021-11-28,234.0
2021-11-29,2000.0
2021-11-30,4000.0
2021-12-01,1700.0
2021-12-02,3700.0
2021-12-03,2900.0
2021-12-04,2700.0
2021-12-05,1200.0
2021-12-06,1700.0
2021-12-07,2200.0
2021-12-08,3300.0
2021-12-09,2300.0
2021-12-10,1700.0
2021-12-11,2900.0
2021-12-12,2100.0
2021-12-13,2700.0
2021-12-14,3500.0
2021-12-15,530.0
2021-12-16,4500.0
2021-12-17,3300.0
2021-12-18,3100.0
2021-12-19,1100.0
2021-12-20,2500.0
2021-12-21,3300.0
2021-12-22,2200.0
2021-12-23,635.0
2021-12-24,1300.0
2021-12-25,411.0
2021-12-26,1500.0
2021-12-27,739.0
2021-12-28,681.0
2021-12-29,1600.0
2021-12-30,4300.0
2021-12-31,1400.0
2022-01-01,6600.0
2022-01-02,1100.0
2022-01-03,2500.0
2022-01-04,198.0
2022-01-05,4000.0
2022-01-06,2400.0
2022-01-07,3400.0
2022-01-08,2100.0
2022-01-09,1300.0
2022-01-10,1300.0
2022-01-11,2100.0
2022-01-12,3600.0
2022-01-13,502.0
2022-01-14,3900.0
2022-01-15,2000.0
2022-01-16,8100.0
2022-01-17,825.0
2022-01-18,4000.0
2022-01-19,207.0
2022-01-20,2200.0
2022-01-21,2400.0
2022-01-22,2300.0
2022-01-23,2700.0
2022-01-24,1400.0
2022-01-25,731.0
2022-01-26,2400.0
2022-01-27,2900.0
2022-01-28,97.0
2022-01-29,3300.0
2022-01-30,1100.0
2022-01-31,714.0
2022-02-01,4200.0
2022-02-02,522.0
2022-02-03,1300.0
2022-02-04,198.0
2022-02-05,2300.0
2022-02-06,3900.0
2022-02-07,1100.0
2022-02-08,1300.0
2022-02-09,1700.0
2022-02-10,918.0
2022-02-11,239.0
2022-02-12,3200.0
2022-02-13,2300.0
2022-02-14,1500.0
2022-02-15,3700.0
2022-02-16,1600.0
2022-02-17,1100.0
2022-02-18,2500.0
2022-02-19,2100.0
2022-02-20,1500.0
2022-02-21,81.0
2022-02-22,3100.0
2022-02-23,3500.0
2022-02-24,172.0
2022-02-25,4400.0
2022-02-26,4600.0
2022-02-27,3400.0
2022-02-28,4400.0
2022-03-01,3800.0
2022-03-02,5500.0
2022-03-03,6100.0
2022-03-04,1100.0
2022-03-05,3500.0
2022-03-06,3800.0
2022-03-07,2800.0
2022-03-08,351.0
2022-03-09,8900.0
2022-03-10,615.0
2022-03-11,1300.0
2022-03-12,12900.0
2022-03-13,6700.0
2022-03-14,72.0
2022-03-15,2400.0
2022-03-16,7900.0
2022-03-17,6800.0
2022-03-18,5500.0
2022-03-19,7900.0
2022-03-20,8000.0
2022-03-21,6800.0
2022-03-22,8000.0
2022-03-23,6700.0
2022-03-24,5500.0
2022-03-25,2400.0
2022-03-26,6500.0
2022-03-27,4100.0
2022-03-28,4600.0
2022-03-29,4500.0
2022-03-30,9700.0
2022-03-31,869.0
2022-04-01,2400.0
2022-04-02,3800.0
2022-04-03,4000.0
2022-04-04,2800.0
2022-04-05,4800.0
2022-04-06,341.0
2022-04-07,3500.0
2022-04-08,2500.0
2022-04-09,3100.0
2022-04-10,5400.0
2022-04-11,5500.0
2022-04-12,1200.0
2022-04-13,590.0
2022-04-14,1900.0
2022-04-15,618.0
2022-04-16,3500.0
2022-04-17,1100.0
2022-04-18,1700.0
2022-04-19,343.0
2022-04-20,1100.0
2022-04-21,883.0
2022-04-22,2400.0
2022-04-23,1600.0
2022-04-24,908.0
2022-04-25,2400.0
2022-04-26,2400.0
2022-04-27,2100.0
2022-04-28,1900.0
2022-04-29,1800.0
2022-04-30,3200.0
2022-05-01,1900.0
2022-05-02,921.0
2022-05-03,1900.0
2022-05-04,2400.0
2022-05-05,4100.0
2022-05-06,511.0
2022-05-07,4000.0
2022-05-08,7300.0
2022-05-09,3400.0
2022-05-10,2800.0
2022-05-11,2600.0
2022-05-12,1300.0
2022-05-13,2900.0
2022-05-14,8400.0
2022-05-15,3300.0
2022-05-16,6100.0
2022-05-17,2000.0
2022-05-18,1700.0
2022-05-19,1100.0
2022-05-20,3700.0
2022-05-21,2100.0
2022-05-22,2900.0
2022-05-23,1400.0
2022-05-24,343.0
2022-05-25,1100.0
2022-05-26,2300.0
2022-05-27,3200.0
2022-05-28,725.0
2022-05-29,10000.0
2022-05-30,14500.0
2022-05-31,3400.0
2022-06-01,3000.0
2022-06-02,1500.0
2022-06-03,4100.0
2022-06-04,97.0
2022-06-05,1800.0
2022-06-06,1200.0
2022-06-07,7200.0
2022-06-08,321.0
2022-06-09,3400.0
2022-06-10,3400.0
2022-06-11,2900.0
2022-06-12,3500.0
2022-06-13,3000.0
2022-06-14,2300.0
2022-06-15,3100.0
2022-06-16,5100.0
2022-06-17,8400.0
2022-06-18,1200.0
2022-06-19,619.0
2022-06-20,3000.0
2022-06-21,7800.0
2022-06-22,2700.0
2022-06-23,2900.0
2022-06-24,7600.0
2022-06-25,4800.0
2022-06-26,1100.0
2022-06-27,2600.0
2022-06-28,15600.0
2022-06-29,4700.0
2022-06-30,1500.0
2022-07-01,4800.0
2022-07-02,2700.0
2022-07-03,7800.0
2022-07-04,148.0
2022-07-05,7000.0
2022-07-06,4700.0
2022-07-07,6400.0
2022-07-08,2100.0
2022-07-09,2200.0
2022-07-10,3000.0
2022-07-11,1800.0
2022-07-12,1400.0
2022-07-13,2000.0
2022-07-14,3800.0
2022-07-15,2600.0
2022-07-16,3400.0
2022-07-17,2900.0
2022-07-18,5200.0
2022-07-19,5600.0
2022-07-20,4000.0
2022-07-21,5000.0
2022-07-22,1800.0
2022-07-23,3500.0
2022-07-24,1600.0
2022-07-25,1700.0
2022-07-26,2200.0
2022-07-27,8700.0
2022-07-28,2900.0
2022-07-29,694.0
2022-07-30,2600.0
2022-07-31,5600.0
2022-08-01,3600.0
2022-08-02,2600.0
2022-08-03,3700.0
2022-08-04,2800.0
2022-08-05,2900.0
2022-08-06,4200.0
2022-08-07,1300.0
2022-08-08,6200.0
2022-08-09,4700.0
2022-08-10,3700.0
2022-08-11,3700.0
2022-08-12,1600.0
2022-08-13,226.0
2022-08-14,226.0
2022-08-15,460.0
2022-08-16,4000.0
2022-08-17,1700.0
2022-08-18,3100.0
2022-08-19,3300.0
2022-08-20,775.0
2022-08-21,3000.0
2022-08-22,1300.0
2022-08-23,2600.0
2022-08-24,1200.0
2022-08-25,1000.0
2022-08-26,1600.0
2022-08-27,3400.0
2022-08-28,717.0
2022-08-29,647.0
2022-08-30,1900.0
2022-08-31,346.0
2022-09-01,1600.0
2022-09-02,4500.0
2022-09-03,1800.0
2022-09-04,4500.0
2022-09-05,6000.0
2022-09-06,5300.0
2022-09-07,1600.0
2022-09-08,1200.0
2022-09-09,481.0
2022-09-10,1300.0
2022-09-11,9300.0
2022-09-12,2500.0
2022-09-13,2300.0
2022-09-14,1100.0
2022-09-15,4400.0
2022-09-16,2100.0
2022-09-17,1000.0
2022-09-18,2400.0
2022-09-19,4600.0
2022-09-20,4200.0
2022-09-21,2900.0
2022-09-22,7000.0
2022-09-23,682.0
2022-09-24,5100.0
2022-09-25,5800.0
2022-09-26,8100.0
2022-09-27,2700.0
2022-09-28,2100.0
2022-09-29,3100.0
2022-09-30,3200.0
2022-10-01,3400.0
2022-10-02,5000.0
2022-10-03,801.0
2022-10-04,1900.0
2022-10-05,4300.0
2022-10-06,992.0
2022-10-07,2900.0
2022-10-08,2300.0
2022-10-09,8000.0
2022-10-10,3100.0
2022-10-11,5000.0
2022-10-12,521.0
2022-10-13,150.0
2022-10-14,2700.0
2022-10-15,5000.0
2022-10-16,2700.0
2022-10-17,2000.0
2022-10-18,4100.0
2022-10-19,2900.0
2022-10-20,3700.0
2022-10-21,1300.0
2022-10-22,1400.0
2022-10-23,7000.0
2022-10-24,2100.0
2022-10-25,946.0
2022-10-26,5100.0
2022-10-27,471.0
2022-10-28,3700.0
2022-10-29,2200.0
2022-10-30,1500.0
2022-10-31,933.0
2022-11-01,399.0
2022-11-02,1200.0
2022-11-03,3300.0
2022-11-04,1400.0
2022-11-05,3700.0
2022-11-06,3700.0
2022-11-07,2200.0
2022-11-08,271.0
2022-11-09,1600.0
2022-11-10,2300.0
2022-11-11,3700.0
2022-11-12,2700.0
2022-11-13,1900.0
2022-11-14,5400.0
2022-11-15,629.0
2022-11-16,3600.0
2022-11-17,2600.0
2022-11-18,875.0
2022-11-19,3400.0
2022-11-20,640.0
2022-11-21,2300.0
2022-11-22,3800.0
2022-11-23,1400.0
2022-11-24,3200.0
2022-11-25,3000.0
2022-11-26,1500.0
2022-11-27,1500.0
2022-11-28,2500.0
2022-11-29,304.0
2022-11-30,1000.0
2022-12-01,5400.0
2022-12-02,3500.0
2022-12-03,784.0
2022-12-04,1200.0
2022-12-05,454.0
2022-12-06,3500.0
2022-12-07,2100.0
2022-12-08,2400.0
2022-12-09,3900.0
2022-12-10,3600.0
2022-12-11,4400.0
2022-12-12,1500.0
2022-12-13,2000.0
2022-12-14,3600.0
2022-12-15,2200.0
2022-12-16,572.0
2022-12-17,3800.0
2022-12-18,1200.0
2022-12-19,282.0
2022-12-20,294.0
2022-12-21,2900.0
2022-12-22,893.0
2022-12-23,3200.0
2022-12-24,2700.0
2022-12-25,4700.0
2022-12-26,682.0
2022-12-27,519.0
2022-12-28,844.0
2022-12-29,443.0
2022-12-30,2900.0
2022-12-31,2500.0
2023-01-01,6100.0
2023-01-02,223.0
2023-01-03,1700.0
2023-01-04,3000.0
2023-01-05,753.0
2023-01-06,1100.0
2023-01-07,1800.0
2023-01-08,2000.0
2023-01-09,732.0
2023-01-10,619.0
2023-01-11,300.0
2023-01-12,3500.0
2023-01-13,548.0
2023-01-14,3000.0
2023-01-15,1500.0
2023-01-16,397.0
2023-01-17,506.0
2023-01-18,598.0
2023-01-19,384.0
2023-01-20,1100.0
2023-01-21,3300.0
2023-01-22,1100.0
2023-01-23,269.0
2023-01-24,269.0
2023-01-25,314.0
2023-01-26,1500.0
2023-01-27,2200.0
2023-01-28,2600.0
2023-01-29,1500.0
2023-01-30,1600.0
2023-01-31,533.0
2023-02-01,3100.0
2023-02-02,4600.0
2023-02-03,1800.0
2023-02-04,2900.0
2023-02-05,1800.0
2023-02-06,1000.0
2023-02-07,960.0
2023-02-08,960.0
2023-02-09,1700.0
2023-02-10,1400.0
2023-02-11,2500.0
2023-02-12,2400.0
2023-02-13,724.0
2023-02-14,1400.0
2023-02-15,965.0
2023-02-16,769.0
2023-02-17,1600.0
2023-02-18,2900.0
2023-02-19,960.0
2023-02-20,1300.0
2023-02-21,324.0
2023-02-22,426.0
2023-02-23,1000.0
2023-02-24,1100.0
2023-02-25,1700.0
2023-02-26,2000.0
2023-02-27,724.0
2023-02-28,558.0
2023-03-01,1800.0
2023-03-02,1000.0
2023-03-03,879.0
2023-03-04,1200.0
2023-03-05,1600.0
2023-03-06,1700.0
2023-03-07,986.0
2023-03-08,1200.0
2023-03-09,834.0
2023-03-10,897.0
2023-03-11,1800.0
2023-03-12,1000.0
2023-03-13,310.0
2023-03-14,341.0
2023-03-15,529.0
2023-03-16,268.0
2023-03-17,589.0
2023-03-18,229.0
2023-03-19,5200.0
2023-03-20,905.0
2023-03-21,707.0
2023-03-22,276.0
2023-03-23,162.0
2023-03-24,498.0
2023-03-25,3100.0
2023-03-26,1500.0
2023-03-27,215.0
2023-03-28,1100.0
2023-03-29,2200.0
2023-03-30,1100.0
2023-03-31,339.0
2023-04-01,2500.0
2023-04-02,2200.0
2023-04-03,2900.0
2023-04-04,1100.0
2023-04-05,582.0
2023-04-06,514.0
2023-04-07,709.0
2023-04-08,3900.0
2023-04-09,7000.0
2023-04-10,830.0
2023-04-11,3200.0
2023-04-12,1200.0
2023-04-13,2000.0
2023-04-14,2400.0
2023-04-15,2000.0
2023-04-16,11500.0
2023-04-17,522.0
2023-04-18,2400.0
2023-04-19,2300.0
2023-04-20,443.0
2023-04-21,3300.0
2023-04-22,1500.0
2023-04-23,493.0
2023-04-24,1300.0
2023-04-25,511.0
2023-04-26,2000.0
2023-04-27,2000.0
2023-04-28,1200.0
2023-04-29,957.0
2023-04-30,2100.0
2023-05-01,2600.0
2023-05-02,1300.0
2023-05-03,836.0
2023-05-04,1300.0
2023-05-05,1400.0
2023-05-06,1100.0
2023-05-07,1100.0
2023-05-08,10600.0
2023-05-09,1100.0
2023-05-10,1300.0
2023-05-11,1900.0
2023-05-12,2200.0
2023-05-13,2100.0
2023-05-14,1900.0
2023-05-15,3400.0
2023-05-16,4800.0
2023-05-17,3900.0
2023-05-18,10100.0
2023-05-19,2700.0
2023-05-20,3000.0
2023-05-21,5400.0
2023-05-22,4600.0
2023-05-23,1900.0
2023-05-24,1300.0
2023-05-25,2500.0
2023-05-26,1800.0
2023-05-27,4400.0
2023-05-28,2600.0
2023-05-29,2900.0
2023-05-30,3400.0
2023-05-31,2800.0
2023-06-01,1200.0
2023-06-02,2900.0
2023-06-03,4400.0
2023-06-04,889.0
2023-06-05,1500.0
2023-06-06,3000.0
2023-06-07,2400.0
2023-06-08,2900.0
2023-06-09,1400.0
2023-06-10,4100.0
2023-06-11,600.0
2023-06-12,4200.0
2023-06-13,1500.0
2023-06-14,3500.0
2023-06-15,2300.0
2023-06-16,4500.0
2023-06-17,4200.0
2023-06-18,3900.0
2023-06-19,1300.0
2023-06-20,3400.0
2023-06-21,1500.0
2023-06-22,1500.0
2023-06-23,3200.0
2023-06-24,3400.0
2023-06-25,4100.0
2023-06-26,3500.0
2023-06-27,2100.0
2023-06-28,2700.0
2023-06-29,2800.0
2023-06-30,2600.0
2023-07-01,2200.0
2023-07-02,1800.0
2023-07-03,2000.0
2023-07-04,2900.0
2023-07-05,4900.0
2023-07-06,5600.0
2023-07-07,5100.0
2023-07-08,7400.0
2023-07-09,5900.0
2023-07-10,11700.0
2023-07-11,6300.0
2023-07-12,9400.0
2023-07-13,5700.0
2023-07-14,5100.0
2023-07-15,13200.0
2023-07-16,4500.0
2023-07-17,5400.0
2023-07-18,6900.0
2023-07-19,6400.0
2023-07-20,3000.0
2023-07-21,2500.0
2023-07-22,11000.0
2023-07-23,8400.0
2023-07-24,3800.0
2023-07-25,5800.0
2023-07-26,7500.0
2023-07-27,6700.0
2023-07-28,14400.0
2023-07-29,12400.0
2023-07-30,1300.0
2023-07-31,14100.0
2023-08-01,6400.0
2023-08-02,9900.0
2023-08-03,11200.0
2023-08-04,5500.0
2023-08-05,1600.0
2023-08-06,2000.0
2023-08-07,5800.0
2023-08-08,2600.0
2023-08-09,2500.0
2023-08-10,7200.0
2023-08-11,7200.0
2023-08-12,11300.0
2023-08-13,11100.0
2023-08-14,8300.0
2023-08-15,4900.0
2023-08-16,4500.0
2023-08-17,8300.0
2023-08-18,7100.0
2023-08-19,7400.0
2023-08-20,1200.0
2023-08-21,5800.0
2023-08-22,4600.0
2023-08-23,3300.0
2023-08-24,2200.0
2023-08-25,3400.0
2023-08-26,9500.0
2023-08-27,9600.0
2023-08-28,3400.0
2023-08-29,5900.0
2023-08-30,6200.0
2023-08-31,7900.0
2023-09-01,3600.0
2023-09-02,4300.0
2023-09-03,1200.0
2023-09-04,1800.0
2023-09-05,3400.0
2023-09-06,1200.0
2023-09-07,1900.0
2023-09-08,10800.0
2023-09-09,2800.0
2023-09-10,2300.0
2023-09-11,8300.0
2023-09-12,5300.0
2023-09-13,789.0
2023-09-14,8000.0
2023-09-15,747.0
2023-09-16,1300.0
2023-09-17,1600.0
2023-09-18,576.0
2023-09-19,5500.0
2023-09-20,6000.0
2023-09-21,1300.0
2023-09-22,4700.0
2023-09-23,3100.0
2023-09-24,2700.0
2023-09-25,3900.0
2023-09-26,6200.0
2023-09-27,7100.0
2023-09-28,9000.0
2023-09-29,8100.0
2023-09-30,5400.0
2023-10-01,1500.0
2023-10-02,6800.0
2023-10-03,5700.0
2023-10-04,5300.0
2023-10-05,5400.0
2023-10-06,6200.0
2023-10-07,4600.0
2023-10-08,3300.0
2023-10-09,1200.0
2023-10-10,3000.0
2023-10-11,379.0
2023-10-12,718.0
2023-10-13,3400.0
2023-10-14,625.0
2023-10-15,743.0
2023-10-16,2200.0
2023-10-17,3100.0
2023-10-18,2000.0
2023-10-19,1400.0
2023-10-20,1500.0
2023-10-21,899.0
2023-10-22,1900.0
2023-10-23,1200.0
2023-10-24,2700.0
2023-10-25,730.0
2023-10-26,1000.0
2023-10-27,495.0
2023-10-28,2800.0
2023-10-29,540.0
2023-10-30,1200.0
2023-10-31,1600.0
2023-11-01,1100.0
2023-11-02,2000.0
2023-11-03,1400.0
2023-11-04,2400.0
2023-11-05,1100.0
2023-11-06,724.0
2023-11-07,3900.0
2023-11-08,2600.0
2023-11-09,1300.0
2023-11-10,1100.0
2023-11-11,706.0
2023-11-12,109.0
2023-11-13,647.0
2023-11-14,683.0
2023-11-15,3300.0
2023-11-16,1100.0
2023-11-17,1900.0
2023-11-18,1000.0
2023-11-19,898.0
2023-11-20,73.0
2023-11-21,738.0
2023-11-22,1200.0
2023-11-23,2200.0
2023-11-24,4000.0
2023-11-25,182.0
2023-11-26,54.0
2023-11-27,1200.0
2023-11-28,2600.0
2023-11-29,295.0
2023-11-30,364.0
2023-12-01,811.0
2023-12-02,113.0
2023-12-03,1800.0
2023-12-04,111.0
2023-12-05,5500.0
2023-12-06,5000.0
2023-12-07,824.0
2023-12-08,416.0
2023-12-09,856.0
2023-12-10,440.0
2023-12-11,2000.0
2023-12-12,3200.0
2023-12-13,2200.0
2023-12-14,6700.0
2023-12-15,937.0
2023-12-16,7300.0
2023-12-17,5700.0
2023-12-18,6300.0
2023-12-19,2900.0
2023-12-20,1200.0
2023-12-21,2400.0
2023-12-22,1500.0
2023-12-23,948.0
2023-12-24,1600.0
2023-12-25,5100.0
2023-12-26,5700.0
2023-12-27,5800.0
2023-12-28,5700.0
2023-12-29,4200.0
2023-12-30,434.0
2023-12-31,921.0
2024-01-01,6800.0
2024-01-02,7500.0
2024-01-03,7900.0
2024-01-04,8800.0
2024-01-05,6000.0
2024-01-06,228.0
2024-01-07,1100.0
2024-01-08,5500.0
2024-01-09,5800.0
2024-01-10,5700.0
2024-01-11,5900.0
2024-01-12,6900.0
2024-01-13,1400.0
2024-01-14,186.0
2024-01-15,6600.0
2024-01-16,1500.0
2024-01-17,113.0
2024-01-18,1200.0
2024-01-19,5500.0
2024-01-20,1200.0
2024-01-21,1800.0
2024-01-22,2100.0
2024-01-23,2600.0
2024-01-24,1900.0
2024-01-25,6330.0
2024-01-26,349.0
2024-01-27,1200.0
2024-01-28,3000.0
2024-01-29,6600.0
2024-01-30,6400.0
2024-01-31,6000.0
2024-02-01,1400.0
2024-02-02,971.0
2024-02-03,97.0
2024-02-04,384.0
2024-02-05,2300.0
2024-02-06,6400.0
2024-02-07,6800.0
2024-02-08,208.0
2024-02-09,254.0
2024-02-10,1800.0
2024-02-11,729.0
2024-02-12,6500.0
2024-02-13,871.0
2024-02-14,445.0
2024-02-15,633.0
2024-02-16,556.0
2024-02-17,5800.0
2024-02-18,3800.0
2024-02-19,6500.0
2024-02-20,6400.0
2024-02-21,693.0
2024-02-22,6400.0
2024-02-23,6000.0
2024-02-24,4400.0
2024-02-25,3900.0
2024-02-26,106.0
2024-02-27,6400.0
2024-02-28,6000.0
2024-02-29,2100.0
2024-03-01,103.0
2024-03-02,1500.0
2024-03-03,529.0
2024-03-04,4600.0
2024-03-05,6600.0
2024-03-06,6000.0
2024-03-07,2200.0
2024-03-08,60.0
2024-03-09,13.0
2024-03-10,1500.0
2024-03-11,18.0
2024-03-12,6000.0
2024-03-13,6300.0
2024-03-14,6700.0
2024-03-15,6000.0
2024-03-16,5200.0
2024-03-17,4300.0
2024-03-18,1100.0
2024-03-19,633.0
2024-03-20,1600.0
2024-03-21,2300.0
2024-03-22,970.0
2024-03-23,4200.0
2024-03-24,3800.0
2024-03-25,193.0
2024-03-26,1000.0
2024-03-27,6300.0
2024-03-28,6300.0
2024-03-29,3600.0
2024-03-30,1200.0
2024-03-31,816.0
2024-04-01,216.0
2024-04-02,6000.0
2024-04-03,7600.0
2024-04-04,6600.0
2024-04-05,6000.0
2024-04-06,5000.0
2024-04-07,4900.0
2024-04-08,1800.0
2024-04-09,73.0
2024-04-10,6200.0
2024-04-11,6200.0
2024-04-12,9.0
2024-04-13,3800.0
2024-04-14,3400.0
2024-04-15,5200.0
2024-04-16,1100.0
2024-04-17,5100.0
2024-04-18,1100.0
2024-04-19,100.0
2024-04-20,214.0
2024-04-21,213.0
2024-04-22,6300.0
2024-04-23,4000.0
2024-04-24,4500.0
2024-04-25,4800.0
2024-04-26,7200.0
2024-04-27,6400.0
2024-04-28,3800.0
2024-04-29,1200.0
2024-04-30,1500.0
2024-05-01,4700.0
2024-05-02,2600.0
2024-05-03,46.0
2024-05-04,1100.0
2024-05-05,245.0
2024-05-06,132.0
2024-05-07,40.0
2024-05-08,118.0
2024-05-09,195.0
2024-05-10,101.0
2024-05-11,1400.0
2024-05-12,3200.0
2024-05-13,798.0
2024-05-14,33.0
2024-05-15,1500.0
2024-05-16,36.0
2024-05-17,2400.0
2024-05-18,2900.0
2024-05-19,4000.0
2024-05-20,34.0
2024-05-21,3900.0
2024-05-22,4200.0
2024-05-23,42.0
2024-05-24,2500.0
2024-05-25,1200.0
2024-05-26,3000.0
2024-05-27,4100.0
2024-05-28,4000.0
2024-05-29,7500.0
2024-05-30,4200.0
2024-05-31,1100.0
2024-06-01,1400.0
2024-06-02,5600.0
2024-06-03,739.0
2024-06-04,60.0
2024-06-05,3900.0
2024-06-06,43.0
2024-06-07,2100.0
2024-06-08,3700.0
2024-06-09,2300.0
2024-06-10,458.0
2024-06-11,63.0
2024-06-12,8200.0
2024-06-13,2000.0
2024-06-14,77.0
2024-06-15,1300.0
2024-06-16,8000.0
2024-06-17,106.0
2024-06-18,109.0
2024-06-19,32.0
2024-06-20,64.0
2024-06-21,3800.0
2024-06-22,1700.0
2024-06-23,8400.0
2024-06-24,109.0
2024-06-25,146.0
2024-06-26,85.0
2024-06-27,45.0
2024-06-28,1700.0
2024-06-29,1300.0
2024-06-30,2200.0
2024-07-01,66.0
2024-07-02,4200.0
2024-07-03,2200.0
2024-07-04,2000.0
2024-07-05,1500.0
2024-07-06,3500.0
2024-07-07,1500.0
2024-07-08,1200.0
2024-07-09,166.0
2024-07-10,188.0
2024-07-11,914.0
2024-07-12,46.0
2024-07-13,6800.0
2024-07-14,4400.0
2024-07-15,6400.0
2024-07-16,5200.0
2024-07-17,5600.0
2024-07-18,7200.0
2024-07-19,4300.0
2024-07-20,8300.0
2024-07-21,1900.0
2024-07-22,1800.0
2024-07-23,631.0
2024-07-24,657.0
2024-07-25,4200.0
2024-07-26,241.0
2024-07-27,5200.0
2024-07-28,1200.0
2024-07-29,288.0
2024-07-30,225.0
2024-07-31,3200.0
2024-08-01,1900.0
2024-08-02,1700.0
2024-08-03,4200.0
2024-08-04,1700.0
2024-08-05,217.0
2024-08-06,197.0
2024-08-07,5800.0
2024-08-08,2600.0
2024-08-09,4600.0
2024-08-10,1300.0
2024-08-11,1400.0
2024-08-12,588.0
2024-08-13,1800.0
2024-08-14,5600.0
2024-08-15,1500.0
2024-08-16,2000.0
2024-08-17,3300.0
2024-08-18,3400.0
2024-08-19,1500.0
2024-08-20,699.0
2024-08-21,2100.0
2024-08-22,4100.0
2024-08-23,2900.0
2024-08-24,1900.0
2024-08-25,1200.0
2024-08-26,1200.0
2024-08-27,80.0
2024-08-28,109.0
2024-08-29,3900.0
2024-08-30,249.0
2024-08-31,4300.0
2024-09-01,1900.0
2024-09-02,4300.0
2024-09-03,130.0
2024-09-04,191.0
2024-09-05,72.0
2024-09-06,49.0
2024-09-07,1100.0
2024-09-08,836.0
2024-09-09,82.0
2024-09-10,131.0
2024-09-11,71.0
2024-09-12,6700.0
2024-09-13,241.0
2024-09-14,1100.0
2024-09-15,834.0
2024-09-16,605.0
2024-09-17,355.0
2024-09-18,537.0
2024-09-19,4000.0
2024-09-20,131.0
2024-09-21,6800.0
2024-09-22,858.0
2024-09-23,94.0
2024-09-24,90.0
2024-09-25,41.0
2024-09-26,121.0
2024-09-27,95.0
2024-09-28,2800.0
2024-09-29,1500.0
2024-09-30,149.0
2024-10-01,292.0
2024-10-02,499.0
2024-10-03,151.0
2024-10-04,81.0
2024-10-05,1000.0
2024-10-06,2100.0
2024-10-07,244.0
2024-10-08,27.0
2024-10-09,188.0
2024-10-10,1200.0
2024-10-11,1400.0
2024-10-12,992.0
2024-10-13,1500.0
2024-10-14,156.0
2024-10-15,609.0
2024-10-16,434.0
2024-10-17,252.0
2024-10-18,517.0
2024-10-19,2000.0
2024-10-20,895.0
2024-10-21,5100.0
2024-10-22,120.0
2024-10-23,54.0
2024-10-24,203.0
2024-10-25,3400.0
2024-10-26,745.0
2024-10-27,731.0
2024-10-28,4700.0
2024-10-29,308.0
2024-10-30,129.0
2024-10-31,32.0
2024-11-01,1400.0
2024-11-02,3900.0
2024-11-03,3200.0
2024-11-04,1200.0
2024-11-05,1600.0
2024-11-06,1300.0
2024-11-07,706.0
2024-11-08,1800.0
2024-11-09,1100.0
2024-11-10,2000.0
2024-11-11,2700.0
2024-11-12,1100.0
2024-11-13,2500.0
2024-11-14,900.0
